<root>
  <facet id="jpt.jaxb">
    <node name="libprov">
      <attribute name="config-id" value="jaxb.generic_2_2"/>
      <attribute name="copy-tlds" value="false"/>
      <attribute name="provider-id" value="me-jaxb-library-provider"/>
      <attribute name="version-id" value="ri_2.2"/>
    </node>
    <node name="platform">
      <attribute name="platform-id" value="generic_2_2"/>
    </node>
  </facet>
  <facet id="jst.jaxrs">
    <node name="libprov">
      <attribute name="config-id" value="jst.jaxrs_1.1"/>
      <attribute name="copy-tlds" value="false"/>
      <attribute name="provider-id" value="me-jaxrs-library-provider"/>
      <attribute name="version-id" value="jersey_1.1"/>
    </node>
  </facet>
  <facet id="me.spring">
    <node name="libprov">
      <attribute name="provider-id" value="spring-no-op-library-provider"/>
    </node>
  </facet>
</root>
